Name,Price,Rating,Availability
It's Only the Himalayas,£45.17,Two,In stock
Full Moon over Noah’s ...,£49.43,Four,In stock
See America: A Celebration ...,£48.87,Three,In stock
Vagabonding: An Uncommon Guide ...,£36.94,Two,In stock
Under the Tuscan Sun,£37.33,Three,In stock
A Summer In Europe,£44.34,Two,In stock
The Great Railway Bazaar,£30.54,One,In stock
A Year in Provence ...,£56.88,Four,In stock
The Road to Little ...,£23.21,One,In stock
Neither Here nor There: ...,£38.95,Three,In stock
"1,000 Places to See ...",£26.08,Five,In stock
